{
  "n_eval": 100,
  "return_mean": -2604.953125,
  "return_std": 956.7612915039062,
  "cost_sum_mean": 43.09000015258789,
  "cost_sum_std": 66.02123260498047,
  "cost_rate_mean": 0.15655052661895752,
  "cost_rate_std": 0.17047268152236938,
  "violation_rate_per_timestep": 0.10867591424968474,
  "violated_trajectory_rate": 0.5799999833106995,
  "violated_trajectory_count": 58,
  "total_unsafe_steps": 4309,
  "total_steps": 39650,
  "terminal_state_error_mean": 1.7437492609024048,
  "stability_rate": 1.5496876239776611,
  "stability_tail_steps": 50,
  "episode_length_mean": 396.5,
  "episode_length_std": 189.5279083251953,
  "crash_rate": 0.23000000417232513,
  "crash_count": 23,
  "ground_crash_rate": 0.10000000149011612,
  "radius_crash_rate": 0.12999999523162842,
  "termination_rate": 0.23000000417232513,
  "timeout_rate": 0.7699999809265137,
  "terminal_state_norm_mean": 0.7544056177139282,
  "terminal_pos_norm_mean": 0.35351380705833435,
  "terminal_vel_norm_mean": 0.566127598285675,
  "terminal_ang_norm_mean": 0.27277588844299316,
  "terminal_pz_mean": -0.056378647685050964,
  "terminal_h_mean": 0.05507221072912216,
  "model_dir": "models/Quad3D_exp4",
  "suffix": "123456_final",
  "actor_path": "models/Quad3D_exp4/actor_123456_final",
  "obs_stats_path": "models/Quad3D_exp4/obs_stats_123456_final.npz",
  "obs_stats_loaded": true,
  "normalize_obs": false,
  "init_npz": "eval/quad3d_inits.npz",
  "init_key": "init_states"
}