{
  "num_episodes": 100,
  "return_mean": -69.27629089355469,
  "return_std": 30.197805404663086,
  "cost_sum_mean": 141.5399932861328,
  "cost_sum_std": 53.82609176635742,
  "violation_rate_mean": 0.4147017300128937,
  "length_mean": 319.9200134277344,
  "weighted_state_error_mean": 0.32250291109085083,
  "unweighted_state_error_mean": 0.9489982724189758,
  "weighted_action_error_mean": 0.0002971672220155597,
  "unweighted_action_error_mean": 0.029716720804572105,
  "crash_rate": 0.12999999523162842,
  "episode_alt_violation_rate": 0.92,
  "model_dir": "models/Quad2D_exp3",
  "suffix": "4921_epoch1700",
  "init_npz": "eval/quad2d_init_states.npz",
  "init_key": "init_states"
}